Workbook

Sheet Survey Answers
A1: Timestamp | B1: do you have a clear pland after graduation> | C1: what path are you most likely to pursue immidietly after graduation? | D1: how confident are you in your ability to write a prfesional resume? | E1: how confident are you in your interview skills? | F1: rate your confidence in the following. ( 1 - not confident, 5- confident) [communication] | G1: rate your confidence in the following. ( 1 - not confident, 5- confident) [teamwork] | H1: rate your confidence in the following. ( 1 - not confident, 5- confident) [problem-solving] | I1: rate your confidence in the following. ( 1 - not confident, 5- confident) [time managment] | J1: rate your confidence in the following. ( 1 - not confident, 5- confident) [technology skills] | K1: have you participated in any of the following? | L1: do you feel you have enough information about potential career paths? | M1: what resources would help you feel more prepared for you career? | N1: what barriers, if any, do you feel may prevent you from achieving your career goals? | O1: how many time have you visited the career center over the last year? | P1: in your own word wht would you make you feel more prepared for you future after graduation?
A2: 45910.654 | B2: i have a general idea | C2: full-time employment | D2: somewhat confident | E2: very confident | F2: 5 | G2: 5 | H2: 5 | I2: 3 | J2: 4 | K2: career fair or networking | L2: somewhat | M2: resume/cover letter workshops, interview practice, job search stategies, financial literacy (budgeting, credit, loans), networking opportunities | N2: lack of experience | O2: 0 | P2: better understanding on topics and internship
A3: 45910.657 | B3: i have a general idea | C3: full-time employment | D3: very confident | E3: somewhat confident | F3: 5 | G3: 5 | H3: 4 | I3: 5 | J3: 2 | K3: job shadowing, internship or work-based learning | L3: somewhat | M3: career counsiling/advising, job search stategies, networking opportunities | N3: lack of experience | O3: 0 | P3: finnacial assistance
A4: 45910.657 | B4: i have no plan | C4: full-time employment | D4: somewhat confident | E4: somewhat confident | F4: 4 | G4: 4 | H4: 4 | I4: 5 | J4: 2 | K4: internship or work-based learning | L4: yes | M4: resume/cover letter workshops, financial literacy (budgeting, credit, loans), networking opportunities | N4: lack of experience | O4: 0 | P4: have a plan
A5: 45910.658 | B5: i have a general idea | C5: full-time employment | D5: very confident | E5: very confident | F5: 5 | G5: 4 | H5: 4 | I5: 4 | J5: 3 | K5: job shadowing, internship or work-based learning | L5: somewhat | M5: job search stategies, financial literacy (budgeting, credit, loans), networking opportunities | N5: lack of experience | O5: 0 | P5: experience
A6: 45910.659 | B6: im still exploring my options | C6: full-time employment | D6: somewhat confident | E6: somewhat confident | F6: 3 | G6: 5 | H6: 5 | I6: 5 | J6: 4 | K6: internship or work-based learning, career fair or networking | L6: somewhat | M6: interview practice, job search stategies, financial literacy (budgeting, credit, loans), networking opportunities | N6: lack of experience | O6: 1 | P6: feel ready to interview
A7: 45910.66 | B7: im still exploring my options | C7: full-time employment | D7: very confident | E7: somewhat confident | F7: 4 | G7: 5 | H7: 4 | I7: 5 | J7: 4 | K7: career counsiling | L7: no | M7: interview practice, career counsiling/advising, financial literacy (budgeting, credit, loans), networking opportunities | N7: lack of experience | O7: 0 | P7: hand on experience
A8: 45910.661 | B8: im still exploring my options | C8: full-time employment | D8: somewhat confident | E8: somewhat confident | F8: 3 | G8: 4 | H8: 4 | I8: 4 | J8: 2 | K8: internship or work-based learning | L8: somewhat | M8: interview practice, career counsiling/advising, job search stategies, networking opportunities | N8: lack of experience | O8: 0 | P8: internship
A9: 45910.663 | B9: i have a general idea | C9: full-time employment | D9: somewhat confident | E9: somewhat confident | F9: 4 | G9: 4 | H9: 4 | I9: 4 | J9: 4 | K9: none of the above | L9: somewhat | M9: resume/cover letter workshops, interview practice, financial literacy (budgeting, credit, loans), networking opportunities | N9: lack of experience, lack of confidence, financial challenges | O9: 1 | P9: no response
A10: 45910.664 | B10: im still exploring my options | C10: full-time employment | D10: very confident | E10: very confident | F10: 3 | G10: 3 | H10: 4 | I10: 3 | J10: 3 | K10: career fair or networking | L10: somewhat | M10: resume/cover letter workshops, interview practice, job search stategies, financial literacy (budgeting, credit, loans) | N10: lack of experience, financial challenges | O10: 0 | P10: no response
A11: 45910.665 | B11: i have a general idea | C11: full-time employment | D11: somewhat confident | E11: very confident | F11: 5 | G11: 5 | H11: 3 | I11: 4 | J11: 5 | K11: internship or work-based learning, career fair or networking | L11: somewhat | M11: resume/cover letter workshops, job search stategies, networking opportunities | N11: lack of experience, financial challenges | O11: 0 | P11: job opportunities
A12: 45910.668 | B12: yes, i know exactly | C12: full-time employment | D12: very confident | E12: somewhat confident | F12: 5 | G12: 4 | H12: 5 | I12: 4 | J12: 5 | K12: job shadowing, internship or work-based learning, career fair or networking | L12: yes | M12: career counsiling/advising, financial literacy (budgeting, credit, loans), networking opportunities | N12: financial challenges | O12: 2 | P12: feel well prepared already
A13: 45910.668 | B13: i have a general idea | C13: full-time employment | D13: somewhat confident | E13: somewhat confident | F13: 4 | G13: 5 | H13: 4 | I13: 4 | J13: 4 | K13: job shadowing, internship or work-based learning, career fair or networking | L13: yes | M13: networking opportunities | N13: none | O13: 0 | P13: I feel Prepared
... A20: 45910.671 | B20: i have a general idea | C20: colllege/university | D20: very confident | E20: somewhat confident | F20: 3 | G20: 5 | H20: 4 | I20: 4 | J20: 5 | K20: job shadowing, internship or work-based learning, career fair or networking | L20: yes | M20: job search stategies, financial literacy (budgeting, credit, loans), networking opportunities | N20: lack of confidence | O20: 0 | P20: no response
A21: 45910.671 | B21: i have a general idea | C21: full-time employment | D21: very confident | E21: somewhat confident | F21: 3 | G21: 4 | H21: 4 | I21: 4 | J21: 4 | K21: job shadowing, career fair or networking | L21: somewhat | M21: resume/cover letter workshops, interview practice, networking opportunities | N21: lack of experience, limited resource/support | O21: 0
A22: 45910.672 | B22: i have a general idea | C22: colllege/university | D22: somewhat confident | E22: somewhat confident | F22: 4 | G22: 5 | H22: 4 | I22: 4 | J22: 4 | K22: internship or work-based learning | L22: no | M22: interview practice, job search stategies, financial literacy (budgeting, credit, loans), networking opportunities | N22: lack of experience, lack of confidence | O22: 0 | P22: hands on experience
A23: 45910.672 | B23: i have a general idea | C23: full-time employment | D23: somewhat confident | E23: somewhat confident | F23: 4 | G23: 4 | H23: 4 | I23: 3 | J23: 5 | K23: internship or work-based learning | L23: somewhat | M23: resume/cover letter workshops, interview practice, career counsiling/advising, job search stategies, financial literacy (budgeting, credit, loans), networking opportunities | N23: lack of experience, limited resource/support | O23: 0 | P23: no response
A24: 45910.673 | B24: i have a general idea | C24: full-time employment | D24: somewhat confident | E24: somewhat confident | F24: 5 | G24: 5 | H24: 5 | I24: 5 | J24: 3 | K24: job shadowing, career fair or networking | L24: no | M24: career counsiling/advising, financial literacy (budgeting, credit, loans), networking opportunities | N24: limited resource/support | O24: 1 | P24: wishes accounting teachers would teach and help get an internship
A25: 45910.673 | B25: yes, i know exactly | C25: full-time employment | D25: somewhat confident | E25: very confident | F25: 4 | G25: 5 | H25: 3 | I25: 5 | J25: 5 | K25: job shadowing, internship or work-based learning | L25: yes | M25: resume/cover letter workshops, interview practice, career counsiling/advising, job search stategies, financial literacy (budgeting, credit, loans), networking opportunities | N25: limited resource/support | O25: 0 | P25: counsler
A26: 45910.674 | B26: i have a general idea | C26: full-time employment | D26: somewhat confident | E26: very confident | F26: 5 | G26: 5 | H26: 4 | I26: 4 | J26: 3 | K26: internship or work-based learning | L26: somewhat | M26: job search stategies, networking opportunities | N26: lack of experience | O26: 0 | P26: more knowledge of what my daily career would look like
A27: 45910.674 | B27: i have a general idea | C27: full-time employment | D27: very confident | E27: very confident | F27: 4 | G27: 5 | H27: 3 | I27: 4 | J27: 5 | K27: job shadowing, internship or work-based learning, career fair or networking | L27: yes | M27: resume/cover letter workshops, career counsiling/advising, job search stategies, financial literacy (budgeting, credit, loans), networking opportunities | N27: financial challenges | O27: 0 | P27: already planned
A28: 45910.674 | B28: i have a general idea | C28: full-time employment | D28: very confident | E28: very confident | F28: 5 | G28: 5 | H28: 4 | I28: 5 | J28: 4 | K28: job shadowing, internship or work-based learning | M28: resume/cover letter workshops, job search stategies, networking opportunities | N28: lack of experience | O28: 0 | P28: more connections to companies
A29: 45910.675 | B29: i have a general idea | C29: full-time employment | D29: somewhat confident | E29: very confident | F29: 5 | G29: 5 | H29: 4 | I29: 4 | J29: 5 | K29: job shadowing, internship or work-based learning, career fair or networking | M29: resume/cover letter workshops, interview practice, job search stategies, networking opportunities | N29: lack of experience, limited resource/support | O29: 0 | P29: more experience, source, and networking
A30: 45910.676 | B30: i have a general idea | C30: gap year/travel | D30: not confident | E30: not confident | F30: 1 | G30: 4 | H30: 4 | I30: 4 | J30: 3 | K30: internship or work-based learning | L30: somewhat | M30: resume/cover letter workshops, interview practice, career counsiling/advising | N30: financial challenges | O30: 0 | P30: Personally nothing, many finanicial challenges right now
A31: 45910.676 | B31: im still exploring my options | C31: colllege/university | D31: very confident | E31: very confident | F31: 4 | G31: 4 | H31: 3 | I31: 2 | J31: 4 | K31: internship or work-based learning | L31: somewhat | M31: career counsiling/advising, job search stategies, financial literacy (budgeting, credit, loans), networking opportunities | N31: lack of experience, limited resource/support, financial challenges | O31: 0 | P31: bigger network/connections
A32: 45910.677 | B32: i have a general idea | C32: full-time employment | D32: very confident | E32: somewhat confident | F32: 4 | G32: 4 | H32: 4 | I32: 4 | J32: 4 | K32: internship or work-based learning, career counsiling, career fair or networking | L32: yes | M32: interview practice, financial literacy (budgeting, credit, loans) | N32: lack of experience, financial challenges | O32: 1 | P32: having a clear path by the spring semester
A33: 45910.677 | B33: i have no plan | C33: full-time employment | D33: very confident | E33: very confident | F33: 4 | G33: 4 | H33: 2 | I33: 5 | J33: 4 | K33: none of the above | L33: somewhat | M33: career counsiling/advising, job search stategies, networking opportunities | N33: lack of experience, limited resource/support | O33: 0 | P33: job fair and career path opportunities
A34: 45910.678 | B34: yes, i know exactly | C34: full-time employment | D34: very confident | E34: very confident | F34: 4 | G34: 4 | H34: 5 | I34: 5 | J34: 3 | K34: job shadowing, internship or work-based learning, career fair or networking | L34: yes | N34: limited resource/support | O34: 0 | P34: already set to go
A35: 45910.678 | B35: i have a general idea | C35: full-time employment | D35: somewhat confident | E35: not confident | F35: 3 | G35: 4 | H35: 3 | I35: 3 | J35: 4 | K35: internship or work-based learning | L35: somewhat | M35: resume/cover letter workshops, interview practice, career counsiling/advising, job search stategies, financial literacy (budgeting, credit, loans) | N35: lack of experience, lack of confidence | O35: 0 | P35: do better at taking advantage of what trevecca has to offer
A36: 45910.679 | B36: im still exploring my options | C36: full-time employment | D36: somewhat confident | E36: not confident | F36: 3 | G36: 5 | H36: 2 | I36: 4 | J36: 4 | K36: internship or work-based learning | L36: no | M36: interview practice, job search stategies, financial literacy (budgeting, credit, loans) | N36: lack of experience, financial challenges | O36: 0 | P36: no response

Sheet Organized Data
A1: Plans After Graduation | D1: Confidence in (1 - least, 5 - most):
A2: Exact Plan | B2: =COUNTIF('Survey Answers'!B2:B36,"yes, i know exactly") -> 4 | E2: 1 | F2: 2 | G2: 3 | H2: 4 | I2: 5
A3: General Idea | B3: =COUNTIF('Survey Answers'!B2:B36,"i have a general idea") -> 21 | D3: Comunication | E3: =COUNTIF('Survey Answers'!F2:F36,1) -> 1 | F3: =COUNTIF('Survey Answers'!F2:F36,2) -> 0 | G3: =COUNTIF('Survey Answers'!F2:F36,3) -> 7 | H3: =COUNTIF('Survey Answers'!F2:F36,4) -> 17 | I3: =COUNTIF('Survey Answers'!F2:F36,5) -> 10
A4: Exploring Options | B4: =COUNTIF('Survey Answers'!B2:B36,"im still exploring my options") -> 7 | D4: Teamwork | E4: =COUNTIF('Survey Answers'!G2:G36,1) -> 0 | F4: =COUNTIF('Survey Answers'!G2:G36,2) -> 0 | G4: =COUNTIF('Survey Answers'!G2:G36,3) -> 1 | H4: =COUNTIF('Survey Answers'!G2:G36,4) -> 15 | I4: =COUNTIF('Survey Answers'!G2:G36,5) -> 19
A5: No Plan | B5: =COUNTIF('Survey Answers'!B2:B38,"i have no plan") -> 3 | D5: Problem-Solving | E5: =COUNTIF('Survey Answers'!H2:H36,1) -> 0 | F5: =COUNTIF('Survey Answers'!H2:H36,2) -> 2 | G5: =COUNTIF('Survey Answers'!H2:H36,3) -> 5 | H5: =COUNTIF('Survey Answers'!H2:H36,4) -> 22 | I5: =COUNTIF('Survey Answers'!H2:H36,5) -> 6
D6: Time Management | E6: =COUNTIF('Survey Answers'!I2:I36,1) -> 0 | F6: =COUNTIF('Survey Answers'!I2:I36,2) -> 2 | G6: =COUNTIF('Survey Answers'!I2:I36,3) -> 6 | H6: =COUNTIF('Survey Answers'!I2:I36,4) -> 17 | I6: =COUNTIF('Survey Answers'!I2:I36,5) -> 10
A7: Path after Graduation | D7: Tech Skills | E7: =COUNTIF('Survey Answers'!J2:J36,1) -> 0 | F7: =COUNTIF('Survey Answers'!J2:J36,2) -> 3 | G7: =COUNTIF('Survey Answers'!J2:J36,3) -> 6 | H7: =COUNTIF('Survey Answers'!J2:J36,4) -> 18 | I7: =COUNTIF('Survey Answers'!J2:J36,5) -> 8
A8: Full-time Employment | B8: =COUNTIF('Survey Answers'!C2:C36,"full-time employment") -> 30
A9: College/University | B9: =COUNTIF('Survey Answers'!C3:C37,"colllege/university") -> 4
A10: Gap/Travel | B10: =COUNTIF('Survey Answers'!C6:C40,"gap year/travel") -> 1 | D10: Participation in the following: | H10: Barriers that Prevent Career Goal
D11: Job Shadowing | E11: =COUNTIF('Survey Answers'!K2:K36,"*job shadowing*") -> 14 | F11: =E11/35 -> 0.4 | H11: Lack of Experience | J11: =COUNTIF('Survey Answers'!N2:N36,"*lack of experience*") -> 25 | K11: =J11/35 -> 0.71428571
A12: Confidence in Writing Resume | D12: Internship/Work-based learning | E12: =COUNTIF('Survey Answers'!K2:K36,"*internship or work-based learning*") -> 25 | F12: =E12/35 -> 0.71428571 | H12: Lack of Confidence | J12: =COUNTIF('Survey Answers'!N2:N36,"*lack of confidence*") -> 4 | K12: =J12/35 -> 0.11428571
A13: Very Confident | B13: =COUNTIF('Survey Answers'!D2:D36,"very confident") -> 13 | D13: Career Counsiling | E13: =COUNTIF('Survey Answers'!K2:K36,"*career counsiling*") -> 2 | F13: =E13/35 -> 0.057142857 | H13: Limited Resource/Support | J13: =COUNTIF('Survey Answers'!N2:N36,"*limited resource/support*") -> 10 | K13: =J13/35 -> 0.28571429
A14: Somewhat | B14: =COUNTIF('Survey Answers'!D2:D36,"somewhat confident") -> 21 | D14: Career Fair/Networking | E14: =COUNTIF('Survey Answers'!K2:K36,"*career fair or networking*") -> 14 | F14: =E14/35 -> 0.4 | H14: Financial Challenges | J14: =COUNTIF('Survey Answers'!N2:N36,"*financial challenges*") -> 10 | K14: =J14/35 -> 0.28571429
A15: Not at all | B15: =COUNTIF('Survey Answers'!D2:D36,"not confident") -> 1 | D15: None of the Above | E15: =COUNTIF('Survey Answers'!K2:K36,"*none of the above*") -> 5 | F15: =E15/35 -> 0.14285714 | H15: None | J15: =COUNTIF('Survey Answers'!N2:N36,"*none*") -> 1 | K15: =J15/35 -> 0.028571429
A17: Confidence in Interview Skill
A18: Very Confident | B18: =COUNTIF('Survey Answers'!E2:E36,"very confident") -> 14 | D18: What Resouces Would Help
A19: Somewhat | B19: =COUNTIF('Survey Answers'!E2:E36,"somewhat confident") -> 17 | D19: Resume/Cover Letter Workshop | E19: =COUNTIF('Survey Answers'!M2:M36,"*resume/cover letter workshops*") -> 18 | F19: =E19/35 -> 0.51428571 | H19: The percentages that are present are the number divided by the total number of suverveys submitted. So for Interveiw practive 54% of all seniors who completed the servey say they would like more help with interview practice.
A20: Not at all | B20: =COUNTIF('Survey Answers'!E2:E36,"not confident") -> 4 | D20: Interview Practice | E20: =COUNTIF('Survey Answers'!M2:M36,"*interview practice*") -> 19 | F20: =E20/35 -> 0.54285714
D21: Career Counsiling/Advising | E21: =COUNTIF('Survey Answers'!M2:M36,"*career counsiling/advising*") -> 14 | F21: =E21/35 -> 0.4
A22: Enough Info on Career | D22: Job Search Strats | E22: =COUNTIF('Survey Answers'!M2:M36,"*job search stategies*") -> 21 | F22: =E22/35 -> 0.6
A23: Yes | B23: =COUNTIF('Survey Answers'!L2:L36,"yes") -> 11 | D23: Financial Literacy | E23: =COUNTIF('Survey Answers'!M2:M36,"*financial literacy (budgeting, credit, loans)*") -> 20 | F23: =E23/35 -> 0.57142857
A24: Somewhat | B24: =COUNTIF('Survey Answers'!L2:L36,"somewhat") -> 18 | D24: Networking Opportunities | E24: =COUNTIF('Survey Answers'!M2:M36,"*networking opportunities*") -> 28 | F24: =E24/35 -> 0.8
A25: No | B25: =COUNTIF('Survey Answers'!L2:L36,"no") -> 4
A27: Number of Career Center Visits
A28: Zero | B28: =COUNTIF('Survey Answers'!O2:O36,0) -> 30
A29: Once | B29: =COUNTIF('Survey Answers'!O2:O36,1) -> 4
A30: Twice | B30: =COUNTIF('Survey Answers'!O2:O36,2) -> 1

Sheet Data Graphs
